[
    {
        "title": "Penerimaan Peserta Didik Baru (PPDB) Gelombang 1 Dibuka!",
        "img": "http:\/\/localhost:8080\/radenrahmat\/uploads\/media_698067a5f12f0.mp4",
        "date": "2 Feb 2026",
        "author": "admin1",
        "excerpt": "BP3NU Raden Rahmat mengumumkan pembukaan pendaftaran Gelombang 1 untuk unit MI, SMP, dan SMA... Segera daftarkan putra-putri Anda sebelum kuota terpenuhi.",
        "link": "https:\/\/www.instagram.com\/osis_smprrahmat\/reel\/DD7OaGwPOvv\/"
    },
    {
        "title": "Pelantikan OSIS SMP Raden Rahmat ",
        "img": "https:\/\/instagram.fsub8-2.fna.fbcdn.net\/v\/t51.82787-15\/591149239_18413024776184571_4704942657799667079_n.webp?_nc_cat=108&ig_cache_key=Mzc4MDA4OTQwNDE4MzQwNDcwMA%3D%3D.3-ccb7-5&ccb=7-5&_nc_sid=58cdad&efg=eyJ2ZW5jb2RlX3RhZyI6InhwaWRzLjEwODB4ODEwLnNkci5DMyJ9&_nc_ohc=3rDjC7bDYNIQ7kNvwE4u83r&_nc_oc=AdmdS-BhQs1XxqFWnfbFwZ9rIJtpAFnSTRIzbn_4i9TB0kY4lF90WZ3LVhgHlt0lxpc&_nc_ad=z-m&_nc_cid=0&_nc_zt=23&_nc_ht=instagram.fsub8-2.fna&_nc_gid=DtNlTP_n8_fmJNStFLrMtQ&oh=00_AftgZCUCg_24mnVXdyMAvkb0-VDrF4clkD1F3eUQOhtE2A&oe=6988F73A",
        "date": "4 Feb 2026",
        "author": "admin1",
        "excerpt": "Prestasi membanggakan kembali diraih oleh ananda Ahmad dari kelas IX yang berhasil menyisihkan puluhan peserta dari berbagai sekolah di Jawa Timur dalam ajang lomba pidato.",
        "link": "https:\/\/www.instagram.com\/osis_smprrahmat\/p\/DR1k0yYkSdM\/"
    }
]